<?xml version="1.0" encoding="UTF-8"?>
<settings xsi:schemaLocation="http://maven.apache.org/SETTINGS/1.2.0 http://maven.apache.org/xsd/settings-1.2.0.xsd" xmlns="http://maven.apache.org/SETTINGS/1.2.0"
    xmlns:xsi="http://www.w3.org/2001/XMLSchema-instance">

    <!-- interactiveMode -->
    <interactiveMode>false</interactiveMode>

    <!-- servers -->
    <servers>
        <server>
            <id>release</id>
            <username>${MAVEN_USERNAME}</username>
            <password>${MAVEN_PASSWORD}</password>
        </server>
        <server>
            <id>snapshots</id>
            <username>${MAVEN_USERNAME}</username>
            <password>${MAVEN_PASSWORD}</password>
        </server>
    </servers>
    <!-- profiles -->
    <profiles>
        <profile>
            <id>artifactory</id>
            <activation>
                <activeByDefault>true</activeByDefault>
            </activation>

            <repositories>
                <repository>
                    <id>release</id>
                    <name>{{ jfrog-repository-relaese }}</name>
                    <url>{{ jfrog-repository-url }}/artifactory/{{ jfrog-repository-relaese }}</url>
                    <releases>
                        <enabled>true</enabled>
                        <updatePolicy>always</updatePolicy>
                    </releases>
                </repository>
                <repository>
                    <id>snapshots</id>
                    <name>{{ jfrog-repository-snapshot }}</name>
                    <url>{{ jfrog-repository-url }}/artifactory/{{ jfrog-repository-snapshot }}</url>
                    <snapshots>
                        <enabled>true</enabled>
                        <updatePolicy>always</updatePolicy>
                    </snapshots>
                </repository>
            </repositories>

            <pluginRepositories>
                <pluginRepository>
                    <releases>
                        <enabled>true</enabled>
                        <updatePolicy>always</updatePolicy>
                    </releases>
                    <id>release</id>
                    <name>{{ jfrog-repository-relaese }}</name>
                    <url>{{ jfrog-repository-url }}/artifactory/{{ jfrog-repository-relaese }}</url>
                </pluginRepository>
                <pluginRepository>
                    <snapshots>
                        <enabled>true</enabled>
                        <updatePolicy>always</updatePolicy>
                    </snapshots>
                    <id>snapshots</id>
                    <name>{{ jfrog-repository-snapshot }}</name>
                    <url>{{ jfrog-repository-url }}/artifactory/{{ jfrog-repository-snapshot }}</url>
                </pluginRepository>
            </pluginRepositories>
        </profile>
    </profiles>
    <activeProfiles>
        <activeProfile>artifactory</activeProfile>
    </activeProfiles>
</settings> 